step,HEK_Experiment_0,HEK_Experiment_1,HEK_Experiment_2,HEK_Experiment_3,HEK_Experiment_4,iPS_Experiment_0,iPS_Experiment_1,iPS_Experiment_2,iPS_Experiment_3,iPS_Experiment_4
step_00000003,,,,,,PassageInitialState,,,,
step_00000004,,,,,,PassageInitialState,PassageInitialState,,,
step_00000005,,,,,,PassageInitialState,PassageInitialState,PassageInitialState,,
step_00000006,,,,,,PassageInitialState,PassageInitialState,PassageInitialState,PassageInitialState,
step_00000007,,,,,,PassageInitialState,PassageInitialState,PassageInitialState,PassageInitialState,PassageInitialState
step_00000008,,,,,,PassageInitialState,PassageInitialState,PassageInitialState,PassageInitialState,PassageInitialState
step_00000009,,,,,,PassageInitialState,PassageInitialState,PassageInitialState,PassageInitialState,PassageInitialState
step_00000010,,,,,,PassageInitialState,PassageInitialState,PassageInitialState,PassageInitialState,PassageInitialState
step_00000011,,,,,,MediumChange1State,PassageInitialState,PassageInitialState,PassageInitialState,PassageInitialState
step_00000012,,,,,,MediumChange1State,PassageInitialState,PassageInitialState,PassageInitialState,PassageInitialState
step_00000013,,,,,,MediumChange1State,PassageInitialState,PassageInitialState,PassageInitialState,PassageInitialState
step_00000014,,,,,,MediumChange1State,MediumChange1State,PassageInitialState,PassageInitialState,PassageInitialState
step_00000015,,,,,,MediumChange1State,MediumChange1State,PassageInitialState,PassageInitialState,PassageInitialState
step_00000016,,,,,,MediumChange1State,MediumChange1State,PassageInitialState,PassageInitialState,PassageInitialState
step_00000017,,,,,,MediumChange1State,MediumChange1State,MediumChange1State,PassageInitialState,PassageInitialState
step_00000018,,,,,,MediumChange1State,MediumChange1State,MediumChange1State,PassageInitialState,PassageInitialState
step_00000019,,,,,,MediumChange1State,MediumChange1State,MediumChange1State,PassageInitialState,PassageInitialState
step_00000020,,,,,,MediumChange1State,MediumChange1State,MediumChange1State,MediumChange1State,PassageInitialState
step_00000021,,,,,,MediumChange1State,MediumChange1State,MediumChange1State,MediumChange1State,PassageInitialState
step_00000022,,,,,,MediumChange1State,MediumChange1State,MediumChange1State,MediumChange1State,PassageInitialState
step_00000023,,,,,,MediumChange1State,MediumChange1State,MediumChange1State,MediumChange1State,MediumChange1State
step_00000024,,,,,,MediumChange1State,MediumChange1State,MediumChange1State,MediumChange1State,MediumChange1State
step_00000025,,,,,,,MediumChange1State,MediumChange1State,MediumChange1State,MediumChange1State
step_00000026,,,,,,,,MediumChange1State,MediumChange1State,MediumChange1State
step_00000027,,,,,,,,,MediumChange1State,MediumChange1State
step_00000028,,,,,,,,,,MediumChange1State
step_00000030,,,,,,MediumChange1State,,,,
step_00000031,,,,,,MediumChange1State,MediumChange1State,,,
step_00000032,,,,,,MediumChange1State,MediumChange1State,MediumChange1State,,
step_00000033,,,,,,MediumChange1State,MediumChange1State,MediumChange1State,MediumChange1State,
step_00000034,,,,,,MediumChange1State,MediumChange1State,MediumChange1State,MediumChange1State,MediumChange1State
step_00000035,HEKGetImageState,,,,,MediumChange1State,MediumChange1State,MediumChange1State,MediumChange1State,MediumChange1State
step_00000036,HEKGetImageState,HEKGetImageState,,,,MediumChange1State,MediumChange1State,MediumChange1State,MediumChange1State,MediumChange1State
step_00000037,HEKGetImageState,HEKGetImageState,HEKGetImageState,,,MediumChange1State,MediumChange1State,MediumChange1State,MediumChange1State,MediumChange1State
step_00000038,HEKGetImageState,HEKGetImageState,HEKGetImageState,HEKGetImageState,,MediumChange1State,MediumChange1State,MediumChange1State,MediumChange1State,MediumChange1State
step_00000039,HEKGetImageState,HEKGetImageState,HEKGetImageState,HEKGetImageState,HEKGetImageState,MediumChange1State,MediumChange1State,MediumChange1State,MediumChange1State,MediumChange1State
step_00000040,HEKGetImageState,HEKGetImageState,HEKGetImageState,HEKGetImageState,HEKGetImageState,MediumChange1State,MediumChange1State,MediumChange1State,MediumChange1State,MediumChange1State
step_00000041,HEKGetImageState,HEKGetImageState,HEKGetImageState,HEKGetImageState,HEKGetImageState,MediumChange1State,MediumChange1State,MediumChange1State,MediumChange1State,MediumChange1State
step_00000042,HEKGetImageState,HEKGetImageState,HEKGetImageState,HEKGetImageState,HEKGetImageState,MediumChange1State,MediumChange1State,MediumChange1State,MediumChange1State,MediumChange1State
step_00000043,HEKGetImageState,HEKGetImageState,HEKGetImageState,HEKGetImageState,HEKGetImageState,MediumChange1State,MediumChange1State,MediumChange1State,MediumChange1State,MediumChange1State
step_00000044,HEKGetImageState,HEKGetImageState,HEKGetImageState,HEKGetImageState,HEKGetImageState,MediumChange1State,MediumChange1State,MediumChange1State,MediumChange1State,MediumChange1State
step_00000045,HEKGetImageState,HEKGetImageState,HEKGetImageState,HEKGetImageState,HEKGetImageState,MediumChange1State,MediumChange1State,MediumChange1State,MediumChange1State,MediumChange1State
step_00000046,HEKGetImageState,HEKGetImageState,HEKGetImageState,HEKGetImageState,HEKGetImageState,MediumChange1State,MediumChange1State,MediumChange1State,MediumChange1State,MediumChange1State
step_00000047,HEKGetImageState,HEKGetImageState,HEKGetImageState,HEKGetImageState,HEKGetImageState,MediumChange1State,MediumChange1State,MediumChange1State,MediumChange1State,MediumChange1State
step_00000048,HEKGetImageState,HEKGetImageState,HEKGetImageState,HEKGetImageState,HEKGetImageState,MediumChange1State,MediumChange1State,MediumChange1State,MediumChange1State,MediumChange1State
step_00000049,HEKGetImageState,HEKGetImageState,HEKGetImageState,HEKGetImageState,HEKGetImageState,MediumChange1State,MediumChange1State,MediumChange1State,MediumChange1State,MediumChange1State
step_00000050,HEKGetImageState,HEKGetImageState,HEKGetImageState,HEKGetImageState,HEKGetImageState,MediumChange1State,MediumChange1State,MediumChange1State,MediumChange1State,MediumChange1State
step_00000051,HEKGetImageState,HEKGetImageState,HEKGetImageState,HEKGetImageState,HEKGetImageState,MediumChange1State,MediumChange1State,MediumChange1State,MediumChange1State,MediumChange1State
step_00000052,HEKGetImageState,HEKGetImageState,HEKGetImageState,HEKGetImageState,HEKGetImageState,MediumChange1State,MediumChange1State,MediumChange1State,MediumChange1State,MediumChange1State
step_00000053,HEKGetImageState,HEKGetImageState,HEKGetImageState,HEKGetImageState,HEKGetImageState,MediumChange1State,MediumChange1State,MediumChange1State,MediumChange1State,MediumChange1State
step_00000054,HEKGetImageState,HEKGetImageState,HEKGetImageState,HEKGetImageState,HEKGetImageState,MediumChange1State,MediumChange1State,MediumChange1State,MediumChange1State,MediumChange1State
step_00000055,HEKGetImageState,HEKGetImageState,HEKGetImageState,HEKGetImageState,HEKGetImageState,MediumChange1State,MediumChange1State,MediumChange1State,MediumChange1State,MediumChange1State
step_00000056,HEKGetImageState,HEKGetImageState,HEKGetImageState,HEKGetImageState,HEKGetImageState,MediumChange1State,MediumChange1State,MediumChange1State,MediumChange1State,MediumChange1State
step_00000057,HEKGetImageState,HEKGetImageState,HEKGetImageState,HEKGetImageState,HEKGetImageState,MediumChange1State,MediumChange1State,MediumChange1State,MediumChange1State,MediumChange1State
step_00000058,HEKGetImageState,HEKGetImageState,HEKGetImageState,HEKGetImageState,HEKGetImageState,MediumChange1State,MediumChange1State,MediumChange1State,MediumChange1State,MediumChange1State
step_00000059,HEKGetImageState,HEKGetImageState,HEKGetImageState,HEKGetImageState,HEKGetImageState,MediumChange1State,MediumChange1State,MediumChange1State,MediumChange1State,MediumChange1State
step_00000060,HEKGetImageState,HEKGetImageState,HEKGetImageState,HEKGetImageState,HEKGetImageState,MediumChange1State,MediumChange1State,MediumChange1State,MediumChange1State,MediumChange1State
step_00000061,HEKGetImageState,HEKGetImageState,HEKGetImageState,HEKGetImageState,HEKGetImageState,MediumChange2State,MediumChange1State,MediumChange1State,MediumChange1State,MediumChange1State
step_00000062,HEKGetImageState,HEKGetImageState,HEKGetImageState,HEKGetImageState,HEKGetImageState,MediumChange2State,MediumChange2State,MediumChange1State,MediumChange1State,MediumChange1State
step_00000063,HEKGetImageState,HEKGetImageState,HEKGetImageState,HEKGetImageState,HEKGetImageState,MediumChange2State,MediumChange2State,MediumChange2State,MediumChange1State,MediumChange1State
step_00000064,HEKGetImageState,HEKGetImageState,HEKGetImageState,HEKGetImageState,HEKGetImageState,MediumChange2State,MediumChange2State,MediumChange2State,MediumChange1State,MediumChange1State
step_00000065,HEKGetImageState,HEKGetImageState,HEKGetImageState,HEKGetImageState,HEKGetImageState,MediumChange2State,MediumChange2State,MediumChange2State,MediumChange1State,MediumChange1State
step_00000066,HEKGetImageState,HEKGetImageState,HEKGetImageState,HEKGetImageState,HEKGetImageState,MediumChange2State,MediumChange2State,MediumChange2State,MediumChange1State,MediumChange1State
step_00000067,HEKGetImageState,HEKGetImageState,HEKGetImageState,HEKGetImageState,HEKGetImageState,MediumChange2State,MediumChange2State,MediumChange2State,MediumChange1State,MediumChange1State
step_00000068,HEKGetImageState,HEKGetImageState,HEKGetImageState,HEKGetImageState,HEKGetImageState,MediumChange2State,MediumChange2State,MediumChange2State,MediumChange2State,MediumChange1State
step_00000069,HEKGetImageState,HEKGetImageState,HEKGetImageState,HEKGetImageState,HEKGetImageState,MediumChange2State,MediumChange2State,MediumChange2State,MediumChange2State,MediumChange1State
step_00000070,HEKGetImageState,HEKGetImageState,HEKGetImageState,HEKGetImageState,HEKGetImageState,MediumChange2State,MediumChange2State,MediumChange2State,MediumChange2State,MediumChange2State
step_00000071,HEKGetImageState,HEKGetImageState,HEKGetImageState,HEKGetImageState,HEKGetImageState,MediumChange2State,MediumChange2State,MediumChange2State,MediumChange2State,MediumChange2State
step_00000072,HEKGetImageState,HEKGetImageState,HEKGetImageState,HEKGetImageState,HEKGetImageState,MediumChange2State,MediumChange2State,MediumChange2State,MediumChange2State,MediumChange2State
step_00000073,HEKGetImageState,HEKGetImageState,HEKGetImageState,HEKGetImageState,HEKGetImageState,MediumChange2State,MediumChange2State,MediumChange2State,MediumChange2State,MediumChange2State
step_00000074,HEKGetImageState,HEKGetImageState,HEKGetImageState,HEKGetImageState,HEKGetImageState,MediumChange2State,MediumChange2State,MediumChange2State,MediumChange2State,MediumChange2State
step_00000075,HEKGetImageState,HEKGetImageState,HEKGetImageState,HEKGetImageState,HEKGetImageState,MediumChange2State,MediumChange2State,MediumChange2State,MediumChange2State,MediumChange2State
step_00000076,HEKGetImageState,HEKGetImageState,HEKGetImageState,HEKPassageState,HEKGetImageState,MediumChange2State,MediumChange2State,MediumChange2State,MediumChange2State,MediumChange2State
step_00000077,HEKGetImageState,HEKGetImageState,HEKPassageState,HEKPassageState,HEKGetImageState,MediumChange2State,MediumChange2State,MediumChange2State,MediumChange2State,MediumChange2State
step_00000078,HEKGetImageState,HEKGetImageState,HEKPassageState,HEKPassageState,HEKGetImageState,MediumChange2State,MediumChange2State,MediumChange2State,MediumChange2State,MediumChange2State
step_00000079,HEKGetImageState,HEKGetImageState,HEKPassageState,HEKPassageState,HEKGetImageState,MediumChange2State,MediumChange2State,MediumChange2State,MediumChange2State,MediumChange2State
step_00000080,HEKGetImageState,HEKGetImageState,HEKPassageState,HEKPassageState,HEKGetImageState,MediumChange2State,MediumChange2State,MediumChange2State,MediumChange2State,MediumChange2State
step_00000081,HEKGetImageState,HEKGetImageState,HEKPassageState,HEKPassageState,HEKGetImageState,MediumChange2State,MediumChange2State,MediumChange2State,MediumChange2State,MediumChange2State
step_00000082,HEKGetImageState,HEKGetImageState,HEKPassageState,HEKPassageState,HEKGetImageState,MediumChange2State,MediumChange2State,MediumChange2State,MediumChange2State,MediumChange2State
step_00000083,HEKGetImageState,HEKGetImageState,HEKPassageState,HEKPassageState,HEKGetImageState,MediumChange2State,MediumChange2State,MediumChange2State,MediumChange2State,MediumChange2State
step_00000084,HEKGetImageState,HEKPassageState,HEKPassageState,HEKPassageState,HEKGetImageState,MediumChange2State,MediumChange2State,MediumChange2State,MediumChange2State,MediumChange2State
step_00000085,HEKGetImageState,HEKPassageState,HEKPassageState,HEKPassageState,HEKGetImageState,MediumChange2State,MediumChange2State,MediumChange2State,MediumChange2State,MediumChange2State
step_00000086,,HEKPassageState,HEKPassageState,HEKPassageState,HEKGetImageState,MediumChange2State,MediumChange2State,MediumChange2State,MediumChange2State,MediumChange2State
step_00000087,,,HEKPassageState,HEKPassageState,HEKGetImageState,MediumChange2State,MediumChange2State,MediumChange2State,MediumChange2State,MediumChange2State
step_00000088,,,,HEKPassageState,HEKGetImageState,MediumChange2State,MediumChange2State,MediumChange2State,MediumChange2State,MediumChange2State
step_00000089,,,,,HEKGetImageState,MediumChange2State,MediumChange2State,MediumChange2State,MediumChange2State,MediumChange2State
step_00000090,,,,,,MediumChange2State,MediumChange2State,MediumChange2State,MediumChange2State,MediumChange2State
step_00000091,,,,,,MediumChange2State,MediumChange2State,MediumChange2State,MediumChange2State,MediumChange2State
step_00000092,,,,,,MediumChange2State,MediumChange2State,MediumChange2State,MediumChange2State,MediumChange2State
step_00000093,,,,,,MediumChange2State,MediumChange2State,MediumChange2State,MediumChange2State,MediumChange2State
step_00000094,,,,,,MediumChange2State,MediumChange2State,MediumChange2State,MediumChange2State,MediumChange2State
step_00000095,,,,,,MediumChange2State,MediumChange2State,MediumChange2State,MediumChange2State,MediumChange2State
step_00000096,,,,,,MediumChange2State,MediumChange2State,MediumChange2State,MediumChange2State,MediumChange2State
step_00000097,,,,,,MediumChange2State,MediumChange2State,MediumChange2State,MediumChange2State,MediumChange2State
step_00000098,,,,,,MediumChange2State,MediumChange2State,MediumChange2State,MediumChange2State,MediumChange2State
step_00000099,,,,,,MediumChange2State,MediumChange2State,MediumChange2State,MediumChange2State,MediumChange2State
step_00000100,,,,,,MediumChange2State,MediumChange2State,MediumChange2State,MediumChange2State,MediumChange2State
step_00000101,,,,,,MediumChange2State,MediumChange2State,MediumChange2State,MediumChange2State,MediumChange2State
step_00000102,,,,,,MediumChange2State,MediumChange2State,MediumChange2State,MediumChange2State,MediumChange2State
step_00000103,HEKFirstGetImageAfterPassageState,,,,,MediumChange2State,MediumChange2State,MediumChange2State,MediumChange2State,MediumChange2State
step_00000104,HEKFirstGetImageAfterPassageState,HEKFirstGetImageAfterPassageState,,,,MediumChange2State,MediumChange2State,MediumChange2State,MediumChange2State,MediumChange2State
step_00000105,HEKFirstGetImageAfterPassageState,HEKFirstGetImageAfterPassageState,HEKFirstGetImageAfterPassageState,,,MediumChange2State,MediumChange2State,MediumChange2State,MediumChange2State,MediumChange2State
step_00000106,HEKFirstGetImageAfterPassageState,HEKFirstGetImageAfterPassageState,HEKFirstGetImageAfterPassageState,HEKFirstGetImageAfterPassageState,,MediumChange2State,MediumChange2State,MediumChange2State,MediumChange2State,MediumChange2State
step_00000107,HEKFirstGetImageAfterPassageState,HEKFirstGetImageAfterPassageState,HEKFirstGetImageAfterPassageState,HEKFirstGetImageAfterPassageState,HEKFirstGetImageAfterPassageState,MediumChange2State,MediumChange2State,MediumChange2State,MediumChange2State,MediumChange2State
step_00000108,HEKFirstGetImageAfterPassageState,HEKFirstGetImageAfterPassageState,HEKFirstGetImageAfterPassageState,HEKFirstGetImageAfterPassageState,HEKFirstGetImageAfterPassageState,MediumChange2State,MediumChange2State,MediumChange2State,MediumChange2State,MediumChange2State
step_00000109,HEKFirstGetImageAfterPassageState,HEKFirstGetImageAfterPassageState,HEKFirstGetImageAfterPassageState,HEKFirstGetImageAfterPassageState,HEKFirstGetImageAfterPassageState,MediumChange2State,MediumChange2State,MediumChange2State,MediumChange2State,MediumChange2State
step_00000110,HEKFirstGetImageAfterPassageState,HEKFirstGetImageAfterPassageState,HEKFirstGetImageAfterPassageState,HEKFirstGetImageAfterPassageState,HEKFirstGetImageAfterPassageState,MediumChange2State,MediumChange2State,MediumChange2State,MediumChange2State,MediumChange2State
step_00000111,HEKFirstGetImageAfterPassageState,HEKFirstGetImageAfterPassageState,HEKFirstGetImageAfterPassageState,HEKFirstGetImageAfterPassageState,HEKFirstGetImageAfterPassageState,MediumChange2State,MediumChange2State,MediumChange2State,MediumChange2State,MediumChange2State
step_00000112,HEKFirstGetImageAfterPassageState,HEKFirstGetImageAfterPassageState,HEKFirstGetImageAfterPassageState,HEKFirstGetImageAfterPassageState,HEKFirstGetImageAfterPassageState,MediumChange2State,MediumChange2State,MediumChange2State,MediumChange2State,MediumChange2State
step_00000113,HEKFirstGetImageAfterPassageState,HEKFirstGetImageAfterPassageState,HEKFirstGetImageAfterPassageState,HEKFirstGetImageAfterPassageState,HEKFirstGetImageAfterPassageState,MediumChange2State,MediumChange2State,MediumChange2State,MediumChange2State,MediumChange2State
step_00000114,HEKFirstGetImageAfterPassageState,HEKFirstGetImageAfterPassageState,HEKFirstGetImageAfterPassageState,HEKFirstGetImageAfterPassageState,HEKFirstGetImageAfterPassageState,MediumChange2State,MediumChange2State,MediumChange2State,MediumChange2State,MediumChange2State
step_00000115,HEKFirstGetImageAfterPassageState,HEKFirstGetImageAfterPassageState,HEKFirstGetImageAfterPassageState,HEKFirstGetImageAfterPassageState,HEKFirstGetImageAfterPassageState,MediumChange2State,MediumChange2State,MediumChange2State,MediumChange2State,MediumChange2State
step_00000116,HEKFirstGetImageAfterPassageState,HEKFirstGetImageAfterPassageState,HEKFirstGetImageAfterPassageState,HEKFirstGetImageAfterPassageState,HEKGetImageState,MediumChange2State,MediumChange2State,MediumChange2State,MediumChange2State,MediumChange2State
step_00000117,HEKFirstGetImageAfterPassageState,HEKFirstGetImageAfterPassageState,HEKGetImageState,HEKFirstGetImageAfterPassageState,HEKGetImageState,MediumChange2State,MediumChange2State,MediumChange2State,MediumChange2State,MediumChange2State
step_00000118,HEKFirstGetImageAfterPassageState,HEKFirstGetImageAfterPassageState,HEKGetImageState,HEKFirstGetImageAfterPassageState,HEKGetImageState,MediumChange2State,MediumChange2State,MediumChange2State,MediumChange2State,MediumChange2State
step_00000119,HEKFirstGetImageAfterPassageState,HEKFirstGetImageAfterPassageState,HEKGetImageState,HEKFirstGetImageAfterPassageState,HEKGetImageState,MediumChange2State,MediumChange2State,MediumChange2State,MediumChange2State,MediumChange2State
step_00000120,HEKFirstGetImageAfterPassageState,HEKFirstGetImageAfterPassageState,HEKGetImageState,HEKFirstGetImageAfterPassageState,HEKGetImageState,MediumChange2State,MediumChange2State,MediumChange2State,MediumChange2State,MediumChange2State
step_00000121,HEKFirstGetImageAfterPassageState,HEKFirstGetImageAfterPassageState,HEKGetImageState,HEKFirstGetImageAfterPassageState,HEKGetImageState,MediumChange2State,MediumChange2State,MediumChange2State,MediumChange2State,MediumChange2State
step_00000122,HEKGetImageState,HEKFirstGetImageAfterPassageState,HEKGetImageState,HEKFirstGetImageAfterPassageState,HEKGetImageState,MediumChange2State,MediumChange2State,MediumChange2State,MediumChange2State,MediumChange2State
step_00000123,HEKGetImageState,HEKGetImageState,HEKGetImageState,HEKFirstGetImageAfterPassageState,HEKGetImageState,MediumChange2State,MediumChange2State,MediumChange2State,MediumChange2State,MediumChange2State
step_00000124,HEKGetImageState,HEKGetImageState,HEKGetImageState,HEKGetImageState,HEKGetImageState,MediumChange2State,MediumChange2State,MediumChange2State,MediumChange2State,MediumChange2State
step_00000125,HEKGetImageState,HEKGetImageState,HEKGetImageState,HEKGetImageState,HEKGetImageState,MediumChange2State,MediumChange2State,MediumChange2State,MediumChange2State,MediumChange2State
step_00000126,HEKGetImageState,HEKGetImageState,HEKGetImageState,HEKGetImageState,HEKGetImageState,MediumChange2State,MediumChange2State,MediumChange2State,MediumChange2State,MediumChange2State
step_00000127,HEKGetImageState,HEKGetImageState,HEKGetImageState,HEKGetImageState,HEKGetImageState,PassageState,MediumChange2State,MediumChange2State,MediumChange2State,MediumChange2State
step_00000128,HEKGetImageState,HEKGetImageState,HEKGetImageState,HEKGetImageState,HEKGetImageState,PassageState,MediumChange2State,MediumChange2State,MediumChange2State,MediumChange2State
step_00000129,HEKGetImageState,HEKGetImageState,HEKGetImageState,HEKGetImageState,HEKGetImageState,PassageState,MediumChange2State,MediumChange2State,MediumChange2State,MediumChange2State
step_00000130,HEKGetImageState,HEKGetImageState,HEKGetImageState,HEKGetImageState,HEKGetImageState,PassageState,MediumChange2State,MediumChange2State,MediumChange2State,MediumChange2State
step_00000131,HEKGetImageState,HEKGetImageState,HEKGetImageState,HEKGetImageState,HEKGetImageState,PassageState,MediumChange2State,MediumChange2State,MediumChange2State,MediumChange2State
step_00000132,HEKGetImageState,HEKGetImageState,HEKGetImageState,HEKGetImageState,HEKGetImageState,PassageState,MediumChange2State,MediumChange2State,MediumChange2State,MediumChange2State
step_00000133,HEKGetImageState,HEKGetImageState,HEKGetImageState,HEKGetImageState,HEKGetImageState,PassageState,MediumChange2State,MediumChange2State,MediumChange2State,MediumChange2State
step_00000134,HEKGetImageState,HEKGetImageState,HEKGetImageState,HEKGetImageState,HEKGetImageState,PassageState,MediumChange2State,MediumChange2State,MediumChange2State,MediumChange2State
step_00000135,HEKGetImageState,HEKGetImageState,HEKGetImageState,HEKGetImageState,HEKGetImageState,PassageState,MediumChange2State,MediumChange2State,MediumChange2State,MediumChange2State
step_00000136,HEKGetImageState,HEKGetImageState,HEKGetImageState,HEKGetImageState,HEKGetImageState,PassageState,MediumChange2State,MediumChange2State,MediumChange2State,MediumChange2State
step_00000137,HEKGetImageState,HEKGetImageState,HEKGetImageState,HEKGetImageState,HEKPassageState,PassageState,MediumChange2State,MediumChange2State,MediumChange2State,MediumChange2State
step_00000138,HEKGetImageState,HEKGetImageState,HEKPassageState,HEKGetImageState,HEKPassageState,PassageState,MediumChange2State,MediumChange2State,MediumChange2State,MediumChange2State
step_00000139,HEKGetImageState,HEKGetImageState,HEKPassageState,HEKGetImageState,HEKPassageState,PassageState,MediumChange2State,MediumChange2State,MediumChange2State,MediumChange2State
step_00000140,HEKGetImageState,HEKGetImageState,HEKPassageState,HEKGetImageState,HEKPassageState,PassageState,MediumChange2State,MediumChange2State,MediumChange2State,MediumChange2State
step_00000141,HEKGetImageState,HEKGetImageState,HEKPassageState,HEKGetImageState,HEKPassageState,PassageState,MediumChange2State,MediumChange2State,MediumChange2State,MediumChange2State
step_00000142,HEKGetImageState,HEKGetImageState,HEKPassageState,HEKGetImageState,HEKPassageState,PassageState,MediumChange2State,MediumChange2State,MediumChange2State,MediumChange2State
step_00000143,HEKGetImageState,HEKGetImageState,HEKPassageState,HEKGetImageState,HEKPassageState,PassageState,MediumChange2State,MediumChange2State,MediumChange2State,MediumChange2State
step_00000144,HEKGetImageState,HEKGetImageState,HEKPassageState,HEKGetImageState,HEKPassageState,PassageState,MediumChange2State,MediumChange2State,MediumChange2State,MediumChange2State
step_00000145,HEKPassageState,HEKGetImageState,HEKPassageState,HEKGetImageState,HEKPassageState,PassageState,MediumChange2State,MediumChange2State,MediumChange2State,MediumChange2State
step_00000146,HEKPassageState,HEKPassageState,HEKPassageState,HEKGetImageState,HEKPassageState,PassageState,MediumChange2State,MediumChange2State,MediumChange2State,MediumChange2State
step_00000147,HEKPassageState,HEKPassageState,HEKPassageState,HEKPassageState,HEKPassageState,PassageState,MediumChange2State,MediumChange2State,MediumChange2State,MediumChange2State
step_00000148,HEKPassageState,HEKPassageState,HEKPassageState,HEKPassageState,HEKPassageState,PassageState,MediumChange2State,MediumChange2State,MediumChange2State,MediumChange2State
step_00000149,HEKPassageState,HEKPassageState,HEKPassageState,HEKPassageState,HEKPassageState,,MediumChange2State,MediumChange2State,MediumChange2State,MediumChange2State
step_00000150,HEKPassageState,HEKPassageState,HEKPassageState,HEKPassageState,HEKPassageState,,MediumChange2State,MediumChange2State,MediumChange2State,MediumChange2State
step_00000151,HEKPassageState,HEKPassageState,HEKPassageState,HEKPassageState,HEKPassageState,MediumChange2State,MediumChange2State,MediumChange2State,MediumChange2State,MediumChange2State
step_00000152,HEKPassageState,HEKPassageState,HEKPassageState,HEKPassageState,HEKPassageState,MediumChange2State,MediumChange2State,MediumChange2State,MediumChange2State,MediumChange2State
step_00000153,HEKPassageState,HEKPassageState,HEKPassageState,HEKPassageState,HEKPassageState,MediumChange2State,MediumChange2State,MediumChange2State,MediumChange2State,MediumChange2State
step_00000154,HEKPassageState,HEKPassageState,HEKPassageState,HEKPassageState,HEKPassageState,MediumChange2State,MediumChange2State,MediumChange2State,MediumChange2State,MediumChange2State
step_00000155,HEKPassageState,HEKPassageState,HEKPassageState,HEKPassageState,HEKPassageState,MediumChange2State,MediumChange2State,MediumChange2State,MediumChange2State,MediumChange2State
step_00000156,HEKPassageState,HEKPassageState,HEKPassageState,HEKPassageState,HEKPassageState,MediumChange2State,MediumChange2State,MediumChange2State,MediumChange2State,MediumChange2State
step_00000157,HEKPassageState,HEKPassageState,HEKPassageState,HEKPassageState,HEKPassageState,MediumChange2State,MediumChange2State,MediumChange2State,MediumChange2State,MediumChange2State
step_00000158,HEKPassageState,HEKPassageState,HEKPassageState,HEKPassageState,HEKPassageState,MediumChange2State,MediumChange2State,MediumChange2State,MediumChange2State,MediumChange2State
step_00000159,HEKPassageState,HEKPassageState,HEKPassageState,HEKPassageState,HEKPassageState,MediumChange2State,MediumChange2State,MediumChange2State,MediumChange2State,MediumChange2State
step_00000160,HEKPassageState,HEKPassageState,HEKPassageState,HEKPassageState,HEKPassageState,MediumChange2State,MediumChange2State,MediumChange2State,MediumChange2State,MediumChange2State
step_00000161,HEKPassageState,HEKPassageState,HEKPassageState,HEKPassageState,HEKPassageState,MediumChange2State,MediumChange2State,MediumChange2State,MediumChange2State,MediumChange2State
step_00000162,HEKPassageState,HEKPassageState,HEKPassageState,HEKPassageState,HEKPassageState,MediumChange2State,MediumChange2State,MediumChange2State,MediumChange2State,MediumChange2State
step_00000163,HEKPassageState,HEKPassageState,HEKPassageState,HEKPassageState,HEKPassageState,MediumChange2State,MediumChange2State,MediumChange2State,MediumChange2State,MediumChange2State
step_00000164,HEKPassageState,HEKPassageState,HEKPassageState,HEKPassageState,HEKPassageState,MediumChange2State,MediumChange2State,MediumChange2State,MediumChange2State,MediumChange2State
step_00000165,HEKPassageState,HEKPassageState,HEKPassageState,HEKPassageState,HEKPassageState,MediumChange2State,MediumChange2State,MediumChange2State,MediumChange2State,MediumChange2State
step_00000166,HEKPassageState,HEKPassageState,HEKPassageState,HEKPassageState,HEKPassageState,MediumChange2State,MediumChange2State,MediumChange2State,MediumChange2State,MediumChange2State
step_00000167,HEKPassageState,HEKPassageState,HEKPassageState,HEKPassageState,HEKPassageState,MediumChange2State,MediumChange2State,MediumChange2State,MediumChange2State,MediumChange2State
step_00000168,HEKPassageState,HEKPassageState,HEKPassageState,HEKPassageState,HEKPassageState,MediumChange2State,MediumChange2State,MediumChange2State,MediumChange2State,MediumChange2State
step_00000169,HEKPassageState,HEKPassageState,HEKPassageState,HEKPassageState,HEKPassageState,MediumChange2State,MediumChange2State,MediumChange2State,MediumChange2State,MediumChange2State
step_00000170,HEKPassageState,HEKPassageState,HEKPassageState,HEKPassageState,HEKPassageState,MediumChange2State,MediumChange2State,MediumChange2State,MediumChange2State,MediumChange2State
step_00000171,HEKPassageState,HEKPassageState,HEKGetImageState,HEKPassageState,HEKPassageState,MediumChange2State,MediumChange2State,MediumChange2State,MediumChange2State,MediumChange2State
step_00000172,HEKPassageState,HEKPassageState,HEKGetImageState,HEKPassageState,HEKPassageState,MediumChange2State,MediumChange2State,MediumChange2State,MediumChange2State,MediumChange2State
step_00000173,HEKPassageState,HEKGetImageState,HEKGetImageState,HEKPassageState,HEKPassageState,MediumChange2State,MediumChange2State,MediumChange2State,MediumChange2State,MediumChange2State
step_00000174,HEKPassageState,HEKGetImageState,HEKGetImageState,HEKGetImageState,HEKPassageState,MediumChange2State,MediumChange2State,MediumChange2State,MediumChange2State,MediumChange2State
step_00000175,HEKPassageState,HEKGetImageState,HEKGetImageState,HEKGetImageState,HEKGetImageState,MediumChange2State,MediumChange2State,MediumChange2State,MediumChange2State,MediumChange2State
step_00000176,HEKGetImageState,HEKGetImageState,HEKGetImageState,HEKGetImageState,HEKGetImageState,MediumChange2State,MediumChange2State,MediumChange2State,MediumChange2State,MediumChange2State
step_00000177,HEKGetImageState,HEKGetImageState,HEKGetImageState,HEKGetImageState,HEKGetImageState,MediumChange2State,MediumChange2State,MediumChange2State,MediumChange2State,MediumChange2State
step_00000178,HEKGetImageState,HEKGetImageState,HEKGetImageState,HEKGetImageState,HEKGetImageState,PassageState,MediumChange2State,MediumChange2State,MediumChange2State,MediumChange2State
step_00000179,HEKGetImageState,HEKGetImageState,HEKGetImageState,HEKGetImageState,HEKGetImageState,PassageState,MediumChange2State,MediumChange2State,MediumChange2State,MediumChange2State
step_00000180,HEKGetImageState,HEKGetImageState,HEKGetImageState,HEKGetImageState,HEKGetImageState,PassageState,MediumChange2State,MediumChange2State,MediumChange2State,MediumChange2State
step_00000181,HEKGetImageState,HEKGetImageState,HEKGetImageState,HEKGetImageState,HEKGetImageState,MediumChange1State,MediumChange2State,MediumChange2State,MediumChange2State,MediumChange2State
step_00000182,HEKGetImageState,HEKGetImageState,HEKGetImageState,HEKGetImageState,HEKGetImageState,MediumChange1State,MediumChange2State,MediumChange2State,MediumChange2State,MediumChange2State
step_00000183,HEKGetImageState,HEKGetImageState,HEKGetImageState,HEKGetImageState,HEKGetImageState,MediumChange1State,PassageState,MediumChange2State,MediumChange2State,MediumChange2State
step_00000184,HEKGetImageState,HEKGetImageState,HEKGetImageState,HEKGetImageState,HEKGetImageState,MediumChange1State,PassageState,MediumChange2State,MediumChange2State,MediumChange2State
step_00000185,HEKGetImageState,HEKGetImageState,HEKGetImageState,HEKGetImageState,HEKGetImageState,MediumChange1State,PassageState,MediumChange2State,MediumChange2State,MediumChange2State
step_00000186,HEKGetImageState,HEKGetImageState,HEKGetImageState,HEKGetImageState,HEKGetImageState,MediumChange1State,PassageState,MediumChange2State,MediumChange2State,MediumChange2State
step_00000187,HEKGetImageState,HEKGetImageState,HEKGetImageState,HEKGetImageState,HEKGetImageState,MediumChange1State,PassageState,MediumChange2State,MediumChange2State,MediumChange2State
step_00000188,HEKGetImageState,HEKGetImageState,HEKGetImageState,HEKGetImageState,HEKGetImageState,MediumChange1State,PassageState,MediumChange2State,MediumChange2State,MediumChange2State
step_00000189,HEKGetImageState,HEKGetImageState,HEKGetImageState,HEKGetImageState,HEKGetImageState,MediumChange1State,MediumChange1State,MediumChange2State,MediumChange2State,MediumChange2State
step_00000190,HEKGetImageState,HEKGetImageState,HEKGetImageState,HEKGetImageState,HEKGetImageState,MediumChange1State,MediumChange1State,MediumChange2State,MediumChange2State,MediumChange2State
step_00000191,HEKGetImageState,HEKGetImageState,HEKGetImageState,HEKGetImageState,HEKGetImageState,MediumChange1State,MediumChange1State,MediumChange2State,MediumChange2State,MediumChange2State
step_00000192,HEKGetImageState,HEKGetImageState,HEKGetImageState,HEKGetImageState,HEKGetImageState,MediumChange1State,MediumChange1State,MediumChange2State,MediumChange2State,MediumChange2State
step_00000193,HEKGetImageState,HEKGetImageState,HEKGetImageState,HEKGetImageState,HEKGetImageState,MediumChange1State,MediumChange1State,MediumChange2State,MediumChange2State,MediumChange2State
step_00000194,HEKGetImageState,HEKGetImageState,HEKGetImageState,HEKGetImageState,HEKGetImageState,MediumChange1State,MediumChange1State,MediumChange2State,MediumChange2State,MediumChange2State
step_00000195,HEKGetImageState,HEKGetImageState,HEKGetImageState,HEKGetImageState,HEKGetImageState,MediumChange1State,MediumChange1State,MediumChange2State,PassageState,MediumChange2State
step_00000196,HEKGetImageState,HEKGetImageState,HEKGetImageState,HEKGetImageState,HEKGetImageState,MediumChange1State,MediumChange1State,MediumChange2State,PassageState,MediumChange2State
step_00000197,HEKGetImageState,HEKGetImageState,HEKGetImageState,HEKGetImageState,HEKGetImageState,MediumChange1State,MediumChange1State,MediumChange2State,PassageState,PassageState
step_00000198,HEKGetImageState,HEKGetImageState,HEKPassageState,HEKGetImageState,HEKGetImageState,MediumChange1State,MediumChange1State,MediumChange2State,PassageState,PassageState
step_00000199,HEKGetImageState,HEKGetImageState,HEKPassageState,HEKGetImageState,HEKGetImageState,MediumChange1State,MediumChange1State,MediumChange2State,PassageState,PassageState
step_00000200,HEKGetImageState,HEKGetImageState,HEKPassageState,HEKGetImageState,HEKGetImageState,MediumChange1State,MediumChange1State,MediumChange2State,PassageState,PassageState
step_00000201,HEKGetImageState,HEKPassageState,HEKPassageState,HEKGetImageState,HEKGetImageState,MediumChange1State,MediumChange1State,MediumChange2State,PassageState,PassageState
step_00000202,HEKGetImageState,HEKPassageState,HEKPassageState,HEKGetImageState,HEKGetImageState,MediumChange1State,MediumChange1State,MediumChange2State,PassageState,PassageState
step_00000203,HEKGetImageState,HEKPassageState,HEKPassageState,HEKGetImageState,HEKGetImageState,MediumChange1State,MediumChange1State,MediumChange2State,PassageState,MediumChange1State
step_00000204,HEKGetImageState,HEKPassageState,HEKPassageState,HEKPassageState,HEKGetImageState,MediumChange1State,MediumChange1State,MediumChange2State,PassageState,MediumChange1State
step_00000205,HEKGetImageState,HEKPassageState,HEKPassageState,HEKPassageState,HEKGetImageState,MediumChange1State,MediumChange1State,MediumChange2State,PassageState,MediumChange1State
step_00000206,HEKGetImageState,HEKPassageState,HEKPassageState,HEKPassageState,HEKGetImageState,MediumChange1State,MediumChange1State,MediumChange2State,PassageState,MediumChange1State
step_00000207,HEKGetImageState,HEKPassageState,HEKPassageState,HEKPassageState,HEKPassageState,MediumChange1State,MediumChange1State,MediumChange2State,PassageState,MediumChange1State
step_00000208,HEKGetImageState,HEKPassageState,HEKPassageState,HEKPassageState,HEKPassageState,MediumChange1State,MediumChange1State,MediumChange2State,PassageState,MediumChange1State
step_00000209,HEKGetImageState,HEKPassageState,HEKPassageState,HEKPassageState,HEKPassageState,MediumChange1State,MediumChange1State,MediumChange2State,PassageState,MediumChange1State
step_00000210,HEKGetImageState,HEKPassageState,HEKPassageState,HEKPassageState,HEKPassageState,MediumChange1State,MediumChange1State,MediumChange2State,PassageState,MediumChange1State
step_00000211,HEKPassageState,HEKPassageState,HEKPassageState,HEKPassageState,HEKPassageState,MediumChange1State,MediumChange1State,MediumChange2State,PassageState,MediumChange1State
step_00000212,HEKPassageState,HEKPassageState,HEKPassageState,HEKPassageState,HEKPassageState,MediumChange1State,MediumChange1State,MediumChange2State,PassageState,MediumChange1State
step_00000213,HEKPassageState,HEKPassageState,HEKPassageState,HEKPassageState,HEKPassageState,MediumChange1State,MediumChange1State,MediumChange2State,PassageState,MediumChange1State
step_00000214,HEKPassageState,HEKPassageState,HEKPassageState,HEKPassageState,HEKPassageState,MediumChange1State,MediumChange1State,MediumChange2State,PassageState,MediumChange1State
step_00000215,HEKPassageState,HEKPassageState,HEKPassageState,HEKPassageState,HEKPassageState,MediumChange1State,MediumChange1State,MediumChange2State,MediumChange1State,MediumChange1State
step_00000216,HEKPassageState,HEKPassageState,HEKPassageState,HEKPassageState,HEKPassageState,MediumChange1State,MediumChange1State,MediumChange2State,MediumChange1State,MediumChange1State
step_00000217,HEKPassageState,HEKPassageState,HEKPassageState,HEKPassageState,HEKPassageState,MediumChange1State,MediumChange1State,MediumChange2State,MediumChange1State,MediumChange1State
step_00000218,HEKPassageState,HEKPassageState,HEKPassageState,HEKPassageState,HEKPassageState,MediumChange1State,MediumChange1State,MediumChange2State,MediumChange1State,MediumChange1State
step_00000219,HEKPassageState,HEKPassageState,HEKPassageState,HEKPassageState,HEKPassageState,MediumChange1State,MediumChange1State,MediumChange2State,MediumChange1State,MediumChange1State
step_00000220,HEKPassageState,HEKPassageState,HEKPassageState,HEKPassageState,HEKPassageState,MediumChange1State,MediumChange1State,MediumChange2State,MediumChange1State,MediumChange1State
step_00000221,HEKPassageState,HEKPassageState,HEKPassageState,HEKPassageState,HEKPassageState,MediumChange1State,MediumChange1State,PassageState,MediumChange1State,MediumChange1State
step_00000222,HEKPassageState,HEKPassageState,HEKPassageState,HEKPassageState,HEKPassageState,MediumChange1State,MediumChange1State,PassageState,MediumChange1State,MediumChange1State
step_00000223,HEKPassageState,HEKPassageState,HEKPassageState,HEKPassageState,HEKPassageState,MediumChange1State,MediumChange1State,PassageState,MediumChange1State,MediumChange1State
step_00000224,HEKPassageState,HEKPassageState,HEKPassageState,HEKPassageState,HEKPassageState,MediumChange1State,MediumChange1State,PassageState,MediumChange1State,MediumChange1State
step_00000225,HEKPassageState,HEKPassageState,HEKPassageState,HEKPassageState,HEKPassageState,MediumChange1State,MediumChange1State,PassageState,MediumChange1State,MediumChange1State
step_00000226,HEKPassageState,HEKPassageState,HEKPassageState,HEKPassageState,HEKPassageState,MediumChange1State,MediumChange1State,PassageState,MediumChange1State,MediumChange1State
step_00000227,HEKPassageState,HEKPassageState,HEKPassageState,HEKPassageState,HEKPassageState,MediumChange1State,MediumChange1State,PassageState,MediumChange1State,MediumChange1State
step_00000228,HEKPassageState,HEKPassageState,HEKPassageState,HEKPassageState,HEKPassageState,MediumChange1State,MediumChange1State,MediumChange1State,MediumChange1State,MediumChange1State
step_00000229,HEKPassageState,HEKPassageState,HEKPassageState,HEKPassageState,HEKPassageState,MediumChange1State,MediumChange1State,MediumChange1State,MediumChange1State,MediumChange1State
step_00000230,HEKPassageState,HEKPassageState,HEKPassageState,HEKPassageState,HEKPassageState,MediumChange1State,MediumChange1State,MediumChange1State,MediumChange1State,MediumChange1State
step_00000231,HEKPassageState,HEKPassageState,HEKPassageState,HEKPassageState,HEKPassageState,MediumChange1State,MediumChange1State,MediumChange1State,MediumChange1State,MediumChange1State
step_00000232,,HEKPassageState,HEKPassageState,HEKPassageState,HEKPassageState,MediumChange1State,MediumChange1State,MediumChange1State,MediumChange1State,MediumChange1State
step_00000233,,,HEKPassageState,HEKPassageState,HEKPassageState,MediumChange1State,MediumChange1State,MediumChange1State,MediumChange1State,MediumChange1State
step_00000234,,,,HEKPassageState,HEKPassageState,MediumChange1State,MediumChange1State,MediumChange1State,MediumChange1State,MediumChange1State
step_00000235,,,,,HEKPassageState,MediumChange1State,MediumChange1State,MediumChange1State,MediumChange1State,MediumChange1State
step_00000236,,,,,,MediumChange1State,MediumChange1State,MediumChange1State,MediumChange1State,MediumChange1State
step_00000237,,,,,,MediumChange1State,MediumChange1State,MediumChange1State,MediumChange1State,MediumChange1State
step_00000238,HEKRestart20241123GetImageState,,,,,MediumChange1State,MediumChange1State,MediumChange1State,MediumChange1State,MediumChange1State
step_00000239,HEKRestart20241123GetImageState,HEKRestart20241123GetImageState,,,,MediumChange1State,MediumChange1State,MediumChange1State,MediumChange1State,MediumChange1State
step_00000240,HEKRestart20241123GetImageState,HEKRestart20241123GetImageState,HEKRestart20241123GetImageState,,,MediumChange1State,MediumChange1State,MediumChange1State,MediumChange1State,MediumChange1State
step_00000241,HEKRestart20241123GetImageState,HEKRestart20241123GetImageState,HEKRestart20241123GetImageState,HEKRestart20241123GetImageState,,MediumChange1State,MediumChange1State,MediumChange1State,MediumChange1State,MediumChange1State
step_00000242,HEKRestart20241123GetImageState,HEKRestart20241123GetImageState,HEKRestart20241123GetImageState,HEKRestart20241123GetImageState,HEKRestart20241123GetImageState,MediumChange1State,MediumChange1State,MediumChange1State,MediumChange1State,MediumChange1State
step_00000243,HEKRestart20241123GetImageState,HEKRestart20241123GetImageState,HEKRestart20241123GetImageState,HEKRestart20241123GetImageState,HEKRestart20241123GetImageState,MediumChange1State,MediumChange1State,MediumChange1State,MediumChange1State,MediumChange1State
step_00000244,HEKRestart20241123GetImageState,HEKGetImageState,HEKRestart20241123GetImageState,HEKRestart20241123GetImageState,HEKRestart20241123GetImageState,MediumChange1State,MediumChange1State,MediumChange1State,MediumChange1State,MediumChange1State
step_00000245,HEKRestart20241123GetImageState,HEKGetImageState,HEKRestart20241123GetImageState,HEKGetImageState,HEKRestart20241123GetImageState,MediumChange1State,MediumChange1State,MediumChange1State,MediumChange1State,MediumChange1State
step_00000246,HEKRestart20241123GetImageState,HEKGetImageState,HEKRestart20241123GetImageState,HEKSamplingState,HEKRestart20241123GetImageState,MediumChange1State,MediumChange1State,MediumChange1State,MediumChange1State,MediumChange1State
step_00000247,HEKRestart20241123GetImageState,HEKGetImageState,HEKRestart20241123GetImageState,HEKSamplingState,HEKRestart20241123GetImageState,MediumChange2State,MediumChange1State,MediumChange1State,MediumChange1State,MediumChange1State
step_00000248,HEKRestart20241123GetImageState,HEKGetImageState,HEKRestart20241123GetImageState,HEKSamplingState,HEKRestart20241123GetImageState,MediumChange2State,MediumChange1State,MediumChange1State,MediumChange1State,MediumChange1State
step_00000249,HEKRestart20241123GetImageState,HEKGetImageState,HEKRestart20241123GetImageState,HEKSamplingState,HEKRestart20241123GetImageState,MediumChange2State,MediumChange1State,MediumChange1State,MediumChange1State,MediumChange1State
step_00000250,HEKGetImageState,HEKGetImageState,HEKRestart20241123GetImageState,HEKSamplingState,HEKRestart20241123GetImageState,MediumChange2State,MediumChange1State,MediumChange1State,MediumChange1State,MediumChange1State
step_00000251,HEKSamplingState,HEKGetImageState,HEKRestart20241123GetImageState,HEKSamplingState,HEKRestart20241123GetImageState,MediumChange2State,MediumChange1State,MediumChange1State,MediumChange1State,MediumChange1State
step_00000252,HEKSamplingState,HEKGetImageState,HEKGetImageState,HEKSamplingState,HEKRestart20241123GetImageState,MediumChange2State,MediumChange1State,MediumChange1State,MediumChange1State,MediumChange1State
step_00000253,HEKSamplingState,HEKGetImageState,HEKGetImageState,HEKSamplingState,HEKGetImageState,MediumChange2State,MediumChange1State,MediumChange1State,MediumChange1State,MediumChange1State
step_00000254,HEKSamplingState,HEKGetImageState,HEKGetImageState,HEKSamplingState,HEKGetImageState,MediumChange2State,MediumChange2State,MediumChange1State,MediumChange1State,MediumChange1State
step_00000255,HEKSamplingState,HEKGetImageState,HEKGetImageState,HEKSamplingState,HEKGetImageState,MediumChange2State,MediumChange2State,MediumChange1State,MediumChange1State,MediumChange1State
step_00000256,HEKSamplingState,HEKGetImageState,HEKGetImageState,HEKSamplingState,HEKGetImageState,MediumChange2State,MediumChange2State,MediumChange1State,MediumChange1State,MediumChange1State
step_00000257,HEKSamplingState,HEKGetImageState,HEKGetImageState,HEKSamplingState,HEKGetImageState,MediumChange2State,MediumChange2State,MediumChange1State,MediumChange1State,MediumChange1State
step_00000258,HEKSamplingState,HEKGetImageState,HEKGetImageState,HEKSamplingState,HEKGetImageState,MediumChange2State,MediumChange2State,MediumChange1State,MediumChange1State,MediumChange1State
step_00000259,HEKSamplingState,HEKGetImageState,HEKGetImageState,,HEKGetImageState,MediumChange2State,MediumChange2State,MediumChange1State,MediumChange1State,MediumChange1State
step_00000260,HEKSamplingState,HEKGetImageState,HEKGetImageState,,HEKGetImageState,MediumChange2State,MediumChange2State,MediumChange1State,MediumChange1State,MediumChange1State
step_00000261,HEKSamplingState,HEKGetImageState,HEKGetImageState,,HEKGetImageState,MediumChange2State,MediumChange2State,MediumChange1State,MediumChange1State,MediumChange1State
step_00000262,,HEKGetImageState,HEKGetImageState,,HEKGetImageState,MediumChange2State,MediumChange2State,MediumChange1State,MediumChange1State,MediumChange1State
step_00000263,,HEKSamplingState,HEKGetImageState,,HEKGetImageState,MediumChange2State,MediumChange2State,MediumChange1State,MediumChange1State,MediumChange1State
step_00000264,,HEKSamplingState,HEKSamplingState,,HEKGetImageState,MediumChange2State,MediumChange2State,MediumChange1State,MediumChange1State,MediumChange1State
step_00000265,,HEKSamplingState,HEKSamplingState,,HEKGetImageState,MediumChange2State,MediumChange2State,MediumChange1State,MediumChange1State,MediumChange1State
step_00000266,,HEKSamplingState,HEKSamplingState,,HEKGetImageState,MediumChange2State,MediumChange2State,MediumChange1State,MediumChange1State,MediumChange1State
step_00000267,,,HEKSamplingState,,HEKGetImageState,MediumChange2State,MediumChange2State,MediumChange1State,MediumChange1State,MediumChange1State
step_00000268,,,HEKSamplingState,,HEKGetImageState,MediumChange2State,MediumChange2State,MediumChange1State,MediumChange1State,MediumChange1State
step_00000269,,,HEKSamplingState,,HEKSamplingState,MediumChange2State,MediumChange2State,MediumChange1State,MediumChange1State,MediumChange1State
step_00000270,,,HEKSamplingState,,HEKSamplingState,MediumChange2State,MediumChange2State,MediumChange1State,MediumChange1State,MediumChange2State
step_00000271,,,HEKSamplingState,,HEKSamplingState,MediumChange2State,MediumChange2State,MediumChange1State,MediumChange1State,MediumChange2State
step_00000272,,,HEKSamplingState,,HEKSamplingState,MediumChange2State,MediumChange2State,MediumChange1State,MediumChange1State,MediumChange2State
step_00000273,,,HEKSamplingState,,HEKSamplingState,MediumChange2State,MediumChange2State,MediumChange1State,MediumChange2State,MediumChange2State
step_00000274,,,HEKSamplingState,,HEKSamplingState,MediumChange2State,MediumChange2State,MediumChange1State,MediumChange2State,MediumChange2State
step_00000275,,,HEKSamplingState,,HEKSamplingState,MediumChange2State,MediumChange2State,MediumChange1State,MediumChange2State,MediumChange2State
step_00000276,,,HEKSamplingState,,HEKSamplingState,MediumChange2State,MediumChange2State,MediumChange2State,MediumChange2State,MediumChange2State
step_00000277,,,HEKSamplingState,,HEKSamplingState,MediumChange2State,MediumChange2State,MediumChange2State,MediumChange2State,MediumChange2State
step_00000278,,,HEKSamplingState,,HEKSamplingState,MediumChange2State,MediumChange2State,MediumChange2State,MediumChange2State,MediumChange2State
step_00000279,,,,,HEKSamplingState,MediumChange2State,MediumChange2State,MediumChange2State,MediumChange2State,MediumChange2State
step_00000280,,,,,HEKSamplingState,MediumChange2State,MediumChange2State,MediumChange2State,MediumChange2State,MediumChange2State
step_00000281,,,,,HEKSamplingState,MediumChange2State,MediumChange2State,MediumChange2State,MediumChange2State,MediumChange2State
step_00000282,,,,,,MediumChange2State,MediumChange2State,MediumChange2State,MediumChange2State,MediumChange2State
step_00000283,,,,,,MediumChange2State,MediumChange2State,MediumChange2State,MediumChange2State,MediumChange2State
step_00000284,,,,,,MediumChange2State,MediumChange2State,MediumChange2State,MediumChange2State,MediumChange2State
step_00000285,,,,,,MediumChange2State,MediumChange2State,MediumChange2State,MediumChange2State,MediumChange2State
step_00000286,,,,,,MediumChange2State,MediumChange2State,MediumChange2State,MediumChange2State,MediumChange2State
step_00000287,,,,,,MediumChange2State,MediumChange2State,MediumChange2State,MediumChange2State,MediumChange2State
step_00000288,,,,,,MediumChange2State,MediumChange2State,MediumChange2State,MediumChange2State,MediumChange2State
step_00000289,,,,,,MediumChange2State,MediumChange2State,MediumChange2State,MediumChange2State,MediumChange2State
step_00000290,,,,,,MediumChange2State,MediumChange2State,MediumChange2State,MediumChange2State,MediumChange2State
step_00000291,,,,,,MediumChange2State,MediumChange2State,MediumChange2State,MediumChange2State,MediumChange2State
step_00000292,,,,,,MediumChange2State,MediumChange2State,MediumChange2State,MediumChange2State,MediumChange2State
step_00000293,,,,,,MediumChange2State,MediumChange2State,MediumChange2State,MediumChange2State,MediumChange2State
step_00000294,,,,,,MediumChange2State,MediumChange2State,MediumChange2State,MediumChange2State,MediumChange2State
step_00000295,,,,,,MediumChange2State,MediumChange2State,MediumChange2State,MediumChange2State,MediumChange2State
step_00000296,,,,,,MediumChange2State,MediumChange2State,MediumChange2State,MediumChange2State,MediumChange2State
step_00000297,,,,,,MediumChange2State,MediumChange2State,MediumChange2State,MediumChange2State,MediumChange2State
step_00000298,,,,,,MediumChange2State,MediumChange2State,MediumChange2State,MediumChange2State,MediumChange2State
step_00000299,,,,,,MediumChange2State,MediumChange2State,MediumChange2State,MediumChange2State,MediumChange2State
step_00000300,,,,,,MediumChange2State,MediumChange2State,MediumChange2State,MediumChange2State,MediumChange2State
step_00000301,,,,,,MediumChange2State,MediumChange2State,MediumChange2State,MediumChange2State,MediumChange2State
step_00000302,,,,,,MediumChange2State,MediumChange2State,MediumChange2State,MediumChange2State,MediumChange2State
step_00000303,,,,,,MediumChange2State,MediumChange2State,MediumChange2State,MediumChange2State,MediumChange2State
step_00000304,,,,,,MediumChange2State,MediumChange2State,MediumChange2State,MediumChange2State,MediumChange2State
step_00000305,,,,,,MediumChange2State,MediumChange2State,MediumChange2State,MediumChange2State,MediumChange2State
step_00000306,,,,,,MediumChange2State,MediumChange2State,MediumChange2State,MediumChange2State,MediumChange2State
step_00000307,,,,,,MediumChange2State,MediumChange2State,MediumChange2State,MediumChange2State,MediumChange2State
step_00000308,,,,,,MediumChange2State,MediumChange2State,MediumChange2State,MediumChange2State,MediumChange2State
step_00000309,,,,,,MediumChange2State,MediumChange2State,MediumChange2State,MediumChange2State,MediumChange2State
step_00000310,,,,,,MediumChange2State,MediumChange2State,MediumChange2State,MediumChange2State,MediumChange2State
step_00000311,,,,,,MediumChange2State,MediumChange2State,MediumChange2State,MediumChange2State,MediumChange2State
step_00000312,,,,,,MediumChange2State,MediumChange2State,MediumChange2State,MediumChange2State,MediumChange2State
step_00000313,,,,,,MediumChange2State,MediumChange2State,MediumChange2State,MediumChange2State,MediumChange2State
step_00000314,,,,,,MediumChange2State,MediumChange2State,MediumChange2State,MediumChange2State,MediumChange2State
step_00000315,,,,,,MediumChange2State,MediumChange2State,MediumChange2State,MediumChange2State,MediumChange2State
step_00000316,,,,,,MediumChange2State,MediumChange2State,MediumChange2State,MediumChange2State,MediumChange2State
step_00000317,,,,,,MediumChange2State,MediumChange2State,MediumChange2State,MediumChange2State,MediumChange2State
step_00000318,,,,,,MediumChange2State,MediumChange2State,MediumChange2State,MediumChange2State,MediumChange2State
step_00000319,,,,,,MediumChange2State,MediumChange2State,MediumChange2State,MediumChange2State,MediumChange2State
step_00000320,,,,,,MediumChange2State,MediumChange2State,MediumChange2State,MediumChange2State,MediumChange2State
step_00000321,,,,,,MediumChange2State,MediumChange2State,MediumChange2State,MediumChange2State,MediumChange2State
step_00000322,,,,,,MediumChange2State,MediumChange2State,MediumChange2State,MediumChange2State,MediumChange2State
step_00000323,,,,,,MediumChange2State,MediumChange2State,MediumChange2State,MediumChange2State,MediumChange2State
step_00000324,,,,,,MediumChange2State,MediumChange2State,MediumChange2State,MediumChange2State,MediumChange2State
step_00000325,,,,,,MediumChange2State,MediumChange2State,MediumChange2State,MediumChange2State,MediumChange2State
step_00000326,,,,,,MediumChange2State,MediumChange2State,MediumChange2State,MediumChange2State,MediumChange2State
step_00000327,,,,,,MediumChange2State,MediumChange2State,MediumChange2State,MediumChange2State,MediumChange2State
step_00000328,,,,,,MediumChange2State,MediumChange2State,MediumChange2State,MediumChange2State,MediumChange2State
step_00000329,,,,,,MediumChange2State,MediumChange2State,MediumChange2State,MediumChange2State,MediumChange2State
step_00000330,,,,,,MediumChange2State,MediumChange2State,MediumChange2State,MediumChange2State,MediumChange2State
step_00000331,,,,,,MediumChange2State,MediumChange2State,MediumChange2State,MediumChange2State,MediumChange2State
step_00000332,,,,,,MediumChange2State,MediumChange2State,MediumChange2State,MediumChange2State,MediumChange2State
step_00000333,,,,,,MediumChange2State,MediumChange2State,MediumChange2State,MediumChange2State,MediumChange2State
step_00000334,,,,,,MediumChange2State,MediumChange2State,MediumChange2State,MediumChange2State,MediumChange2State
step_00000335,,,,,,MediumChange2State,MediumChange2State,MediumChange2State,MediumChange2State,MediumChange2State
step_00000336,,,,,,MediumChange2State,MediumChange2State,MediumChange2State,MediumChange2State,MediumChange2State
step_00000337,,,,,,MediumChange2State,MediumChange2State,MediumChange2State,MediumChange2State,MediumChange2State
step_00000338,,,,,,MediumChange2State,MediumChange2State,MediumChange2State,MediumChange2State,MediumChange2State
step_00000339,,,,,,MediumChange2State,MediumChange2State,MediumChange2State,MediumChange2State,MediumChange2State
step_00000340,,,,,,MediumChange2State,MediumChange2State,MediumChange2State,MediumChange2State,MediumChange2State
step_00000341,,,,,,MediumChange2State,MediumChange2State,MediumChange2State,MediumChange2State,MediumChange2State
step_00000342,,,,,,MediumChange2State,MediumChange2State,MediumChange2State,MediumChange2State,MediumChange2State
step_00000343,,,,,,MediumChange2State,MediumChange2State,MediumChange2State,MediumChange2State,MediumChange2State
step_00000344,,,,,,MediumChange2State,MediumChange2State,MediumChange2State,PassageState,MediumChange2State
step_00000345,,,,,,MediumChange2State,,MediumChange2State,PassageState,MediumChange2State
step_00000346,,,,,,MediumChange2State,,MediumChange2State,PassageState,MediumChange2State
step_00000347,,,,,,MediumChange2State,,MediumChange2State,PassageState,MediumChange2State
step_00000348,,,,,,MediumChange2State,,MediumChange2State,PassageState,MediumChange2State
step_00000349,,,,,,MediumChange2State,,MediumChange2State,PassageState,MediumChange2State
step_00000350,,,,,,MediumChange2State,,MediumChange2State,PassageState,MediumChange2State
step_00000351,,,,,,MediumChange2State,,MediumChange2State,PassageState,MediumChange2State
step_00000352,,,,,,MediumChange2State,,MediumChange2State,PassageState,MediumChange2State
step_00000353,,,,,,MediumChange2State,,MediumChange2State,PassageState,MediumChange2State
step_00000354,,,,,,MediumChange2State,,MediumChange2State,MediumChange1State,MediumChange2State
step_00000355,,,,,,MediumChange2State,,MediumChange2State,MediumChange1State,MediumChange2State
step_00000356,,,,,,MediumChange2State,,PassageState,MediumChange1State,MediumChange2State
step_00000357,,,,,,MediumChange2State,,PassageState,MediumChange1State,MediumChange2State
step_00000358,,,,,,MediumChange2State,,PassageState,MediumChange1State,MediumChange2State
step_00000359,,,,,,MediumChange2State,,PassageState,MediumChange1State,MediumChange2State
step_00000360,,,,,,MediumChange2State,,PassageState,MediumChange1State,MediumChange2State
step_00000361,,,,,,MediumChange2State,,PassageState,MediumChange1State,MediumChange2State
step_00000362,,,,,,MediumChange2State,,PassageState,MediumChange1State,MediumChange2State
step_00000363,,,,,,MediumChange2State,,MediumChange1State,MediumChange1State,MediumChange2State
step_00000364,,,,,,MediumChange2State,,MediumChange1State,MediumChange1State,MediumChange2State
step_00000365,,,,,,MediumChange2State,,MediumChange1State,MediumChange1State,MediumChange2State
step_00000366,,,,,,MediumChange2State,,MediumChange1State,MediumChange1State,MediumChange2State
step_00000367,,,,,,MediumChange2State,,MediumChange1State,MediumChange1State,MediumChange2State
step_00000368,,,,,,MediumChange2State,,MediumChange1State,MediumChange1State,MediumChange2State
step_00000369,,,,,,MediumChange2State,,MediumChange1State,MediumChange1State,MediumChange2State
step_00000370,,,,,,PassageState,,MediumChange1State,MediumChange1State,MediumChange2State
step_00000371,,,,,,PassageState,,MediumChange1State,MediumChange1State,MediumChange2State
step_00000372,,,,,,PassageState,,MediumChange1State,MediumChange1State,MediumChange2State
step_00000373,,,,,,PassageState,,MediumChange1State,MediumChange1State,MediumChange2State
step_00000374,,,,,,PassageState,,MediumChange1State,MediumChange1State,MediumChange2State
step_00000375,,,,,,PassageState,,MediumChange1State,MediumChange1State,MediumChange2State
step_00000376,,,,,,MediumChange1State,,MediumChange1State,MediumChange1State,MediumChange2State
step_00000377,,,,,,MediumChange1State,,MediumChange1State,MediumChange2State,MediumChange2State
step_00000378,,,,,,MediumChange1State,,MediumChange1State,MediumChange2State,MediumChange2State
step_00000379,,,,,,MediumChange1State,,MediumChange1State,MediumChange2State,MediumChange2State
step_00000380,,,,,,MediumChange1State,,MediumChange2State,MediumChange2State,MediumChange2State
step_00000381,,,,,,MediumChange1State,,MediumChange2State,MediumChange2State,MediumChange2State
step_00000382,,,,,,MediumChange1State,,MediumChange2State,MediumChange2State,MediumChange2State
step_00000383,,,,,,MediumChange1State,,MediumChange2State,MediumChange2State,MediumChange2State
step_00000384,,,,,,MediumChange1State,,MediumChange2State,,MediumChange2State
step_00000385,,,,,,MediumChange1State,,MediumChange2State,,MediumChange2State
step_00000386,,,,,,MediumChange1State,,MediumChange2State,,MediumChange2State
step_00000387,,,,,,MediumChange1State,,MediumChange2State,,MediumChange2State
step_00000388,,,,,,MediumChange1State,,MediumChange2State,,MediumChange2State
step_00000389,,,,,,MediumChange1State,,MediumChange2State,,MediumChange2State
step_00000390,,,,,,MediumChange1State,,MediumChange2State,,MediumChange2State
step_00000391,,,,,,MediumChange1State,,MediumChange2State,,MediumChange2State
step_00000392,,,,,,MediumChange1State,,MediumChange2State,,MediumChange2State
step_00000393,,,,,,MediumChange1State,,MediumChange2State,,MediumChange2State
step_00000394,,,,,,MediumChange1State,,MediumChange2State,,MediumChange2State
step_00000395,,,,,,MediumChange2State,,MediumChange2State,,MediumChange2State
step_00000396,,,,,,MediumChange2State,,MediumChange2State,,MediumChange2State
step_00000397,,,,,,MediumChange2State,,MediumChange2State,,MediumChange2State
step_00000398,,,,,,MediumChange2State,,MediumChange2State,,MediumChange2State
step_00000399,,,,,,MediumChange2State,,MediumChange2State,,MediumChange2State
step_00000400,,,,,,MediumChange2State,,MediumChange2State,,MediumChange2State
step_00000401,,,,,,MediumChange2State,,MediumChange2State,,MediumChange2State
step_00000402,,,,,,MediumChange2State,,MediumChange2State,,MediumChange2State
step_00000403,,,,,,MediumChange2State,,MediumChange2State,,MediumChange2State
step_00000404,,,,,,MediumChange2State,,MediumChange2State,,MediumChange2State
step_00000405,,,,,,MediumChange2State,,MediumChange2State,,MediumChange2State
step_00000406,,,,,,MediumChange2State,,MediumChange2State,,MediumChange2State
step_00000407,,,,,,MediumChange2State,,MediumChange2State,,MediumChange2State
step_00000408,,,,,,MediumChange2State,,MediumChange2State,,MediumChange2State
step_00000409,,,,,,MediumChange2State,,MediumChange2State,,MediumChange2State
step_00000410,,,,,,MediumChange2State,,MediumChange2State,,MediumChange2State
step_00000411,,,,,,MediumChange2State,,MediumChange2State,,MediumChange2State
step_00000412,,,,,,MediumChange2State,,MediumChange2State,,MediumChange2State
step_00000413,,,,,,MediumChange2State,,MediumChange2State,,MediumChange2State
step_00000414,,,,,,MediumChange2State,,MediumChange2State,,MediumChange2State
step_00000415,,,,,,MediumChange2State,,MediumChange2State,,MediumChange2State
step_00000416,,,,,,MediumChange2State,,MediumChange2State,,MediumChange2State
step_00000417,,,,,,MediumChange2State,,MediumChange2State,,MediumChange2State
step_00000418,,,,,,MediumChange2State,,MediumChange2State,,MediumChange2State
step_00000419,,,,,,MediumChange2State,,MediumChange2State,,MediumChange2State
step_00000420,,,,,,MediumChange2State,,MediumChange2State,,MediumChange2State
step_00000421,,,,,,MediumChange2State,,MediumChange2State,,MediumChange2State
step_00000422,,,,,,MediumChange2State,,MediumChange2State,,MediumChange2State
step_00000423,,,,,,MediumChange2State,,MediumChange2State,,MediumChange2State
step_00000424,,,,,,MediumChange2State,,MediumChange2State,,MediumChange2State
step_00000425,,,,,,MediumChange2State,,MediumChange2State,,MediumChange2State
step_00000426,,,,,,MediumChange2State,,MediumChange2State,,MediumChange2State
step_00000427,,,,,,MediumChange2State,,MediumChange2State,,PassageState
step_00000428,,,,,,MediumChange2State,,MediumChange2State,,PassageState
step_00000429,,,,,,MediumChange2State,,MediumChange2State,,PassageState
step_00000430,,,,,,MediumChange2State,,MediumChange2State,,PassageState
step_00000431,,,,,,MediumChange2State,,MediumChange2State,,PassageState
step_00000432,,,,,,MediumChange2State,,MediumChange2State,,PassageState
step_00000433,,,,,,MediumChange2State,,MediumChange2State,,PassageState
step_00000434,,,,,,MediumChange2State,,MediumChange2State,,PassageState
step_00000435,,,,,,MediumChange2State,,MediumChange2State,,MediumChange1State
step_00000436,,,,,,MediumChange2State,,MediumChange2State,,MediumChange1State
step_00000437,,,,,,MediumChange2State,,SamplingState,,MediumChange1State
step_00000438,,,,,,MediumChange2State,,SamplingState,,MediumChange1State
step_00000439,,,,,,MediumChange2State,,SamplingState,,MediumChange1State
step_00000440,,,,,,MediumChange2State,,SamplingState,,MediumChange1State
step_00000441,,,,,,MediumChange2State,,SamplingState,,MediumChange1State
step_00000442,,,,,,MediumChange2State,,SamplingState,,MediumChange1State
step_00000443,,,,,,MediumChange2State,,SamplingState,,MediumChange1State
step_00000444,,,,,,MediumChange2State,,SamplingState,,MediumChange1State
step_00000445,,,,,,MediumChange2State,,SamplingState,,MediumChange1State
step_00000446,,,,,,MediumChange2State,,SamplingState,,MediumChange1State
step_00000447,,,,,,MediumChange2State,,SamplingState,,MediumChange1State
step_00000448,,,,,,MediumChange2State,,,,MediumChange1State
step_00000449,,,,,,MediumChange2State,,,,MediumChange2State
step_00000450,,,,,,MediumChange2State,,,,MediumChange2State
step_00000451,,,,,,SamplingState,,,,MediumChange2State
step_00000452,,,,,,SamplingState,,,,MediumChange2State
step_00000453,,,,,,SamplingState,,,,MediumChange2State
step_00000454,,,,,,SamplingState,,,,MediumChange2State
step_00000455,,,,,,SamplingState,,,,MediumChange2State
step_00000456,,,,,,SamplingState,,,,MediumChange2State
step_00000457,,,,,,,,,,MediumChange2State
step_00000458,,,,,,,,,,MediumChange2State
step_00000459,,,,,,,,,,MediumChange2State
step_00000460,,,,,,,,,,MediumChange2State
step_00000461,,,,,,,,,,MediumChange2State
step_00000462,,,,,,,,,,MediumChange2State
step_00000463,,,,,,,,,,MediumChange2State
step_00000464,,,,,,,,,,MediumChange2State
step_00000465,,,,,,,,,,MediumChange2State
step_00000466,,,,,,,,,,MediumChange2State
step_00000467,,,,,,,,,,MediumChange2State
step_00000468,,,,,,,,,,MediumChange2State
step_00000469,,,,,,,,,,MediumChange2State
step_00000470,,,,,,,,,,MediumChange2State
step_00000471,,,,,,,,,,MediumChange2State
step_00000472,,,,,,,,,,MediumChange2State
step_00000473,,,,,,,,,,MediumChange2State
step_00000474,,,,,,,,,,MediumChange2State
step_00000475,,,,,,,,,,SamplingState
step_00000476,,,,,,,,,,SamplingState
step_00000477,,,,,,,,,,SamplingState
